<?xml version="1.0" encoding="UTF-8"?>
<project-private xmlns="http://www.netbeans.org/ns/project-private/1">
    <editor-bookmarks xmlns="http://www.netbeans.org/ns/editor-bookmarks/2" lastBookmarkId="0"/>
    <open-files xmlns="http://www.netbeans.org/ns/projectui-open-files/2">
        <group>
            <file>file:/D:/PERKULIAHAN/SEMESTER%203/Bahasa%20Pemrograman%201/Aplikasi%20Penjualan/Aplikasi%20Penjualan/src/aplikasi/penjualan/Sambung.java</file>
            <file>file:/D:/PERKULIAHAN/SEMESTER%203/Bahasa%20Pemrograman%201/Aplikasi%20Penjualan/Aplikasi%20Penjualan/src/aplikasi/penjualan/Login.java</file>
            <file>file:/D:/PERKULIAHAN/SEMESTER%203/Bahasa%20Pemrograman%201/Aplikasi%20Penjualan/Aplikasi%20Penjualan/src/aplikasi/penjualan/Baca.java</file>
        </group>
    </open-files>
</project-private>
